site,date,Cluster,Genotype,wp_pd
PIK,2023-05-06,A,2147,0.296
PIK,2023-06-21,G,2147,0.206
PIK,2023-07-25,G,1589,0.1875
PIK,2023-08-19,G,2147,0.231
PIK,2023-09-07,G,2147,0.374
PIK,2023-10-13,G,2147,0.509
PIK,2023-05-06,A,377,0.318
PIK,2023-06-21,G,377,0.389
PIK,2023-07-25,G,2153,0.186
PIK,2023-08-19,G,377,0.274
PIK,2023-09-07,G,377,0.328
PIK,2023-10-13,G,377,0.501
PIK,2023-05-06,A,2036,0.298
PIK,2023-06-21,G,2036,0.41
PIK,2023-07-25,G,1412,0.1565
PIK,2023-08-19,G,2036,0.27
PIK,2023-09-07,G,2036,0.341
PIK,2023-10-13,G,2036,0.427
PIK,2023-05-06,A,486,0.158
PIK,2023-06-21,K,486,0.428
PIK,2023-07-25,K,1721,0.1885
PIK,2023-08-19,K,486,0.267
PIK,2023-09-07,K,486,0.57
PIK,2023-10-13,K,486,0.544
PIK,2023-05-06,A,953,0.288
PIK,2023-06-21,K,953,0.38
PIK,2023-07-25,K,1755,0.1245
PIK,2023-08-19,K,953,0.136
PIK,2023-09-07,K,953,0.397
PIK,2023-10-13,K,953,0.428
PIK,2023-05-06,B,377,0.53
PIK,2023-06-21,M,377,0.318
PIK,2023-07-25,M,2006,0.176
PIK,2023-08-19,M,377,0.264
PIK,2023-09-07,M,377,0.521
PIK,2023-10-13,M,377,0.365
PIK,2023-05-06,B,1199,0.31
PIK,2023-06-21,K,1199,0.357
PIK,2023-07-25,K,2089,0.127
PIK,2023-08-19,K,1199,0.214
PIK,2023-09-07,K,1199,0.732
PIK,2023-10-13,K,1199,0.367
PIK,2023-05-06,B,318,0.249
PIK,2023-06-21,G,318,0.386
PIK,2023-07-25,G,2147,0.2055
PIK,2023-08-19,G,318,0.136
PIK,2023-09-07,G,318,0.498
PIK,2023-10-13,G,318,0.331
PIK,2023-05-06,B,1222,0.305
PIK,2023-06-21,A,1222,0.298
PIK,2023-07-25,A,2147,0.0845
PIK,2023-08-19,A,1222,0.661
PIK,2023-09-07,A,1222,0.531
PIK,2023-10-13,A,1222,0.45
PIK,2023-05-06,B,295,0.248
PIK,2023-06-21,K,295,0.22
PIK,2023-07-25,K,2036,0.105
PIK,2023-08-19,K,295,0.251
PIK,2023-09-07,K,295,0.532
PIK,2023-10-13,K,295,0.399
PIK,2023-05-06,B,159,0.23
PIK,2023-06-21,K,159,0.328
PIK,2023-07-25,K,2147,0.2175
PIK,2023-08-19,K,159,0.201
PIK,2023-09-07,K,159,0.304
PIK,2023-10-13,K,159,0.353
PIK,2023-05-06,B,2006,0.125
PIK,2023-06-21,K,2006,0.456
PIK,2023-07-25,K,295,0.205
PIK,2023-08-19,K,2006,0.219
PIK,2023-09-07,K,2006,0.55
PIK,2023-10-13,K,2006,0.45
PIK,2023-05-06,B,2218,0.257
PIK,2023-06-21,D,2218,0.328
PIK,2023-07-25,D,159,0.1425
PIK,2023-08-19,D,2218,0.467
PIK,2023-09-07,D,2218,0.469
PIK,2023-10-13,D,2218,0.401
PIK,2023-05-06,B,1199,0.548
PIK,2023-06-21,D,1199,0.56
PIK,2023-07-25,D,2036,0.0905
PIK,2023-08-19,D,1199,0.199
PIK,2023-09-07,D,1199,0.634
PIK,2023-10-13,D,1199,0.304
PIK,2023-05-06,B,1069,0.283
PIK,2023-06-21,H,1069,0.598
PIK,2023-07-25,H,889,0.1625
PIK,2023-08-19,H,1069,0.281
PIK,2023-09-07,H,1069,0.46
PIK,2023-10-13,H,1069,0.354
PIK,2023-05-06,C,1420,0.528
PIK,2023-06-21,A,1420,0.408
PIK,2023-07-25,A,377,0.1595
PIK,2023-08-19,A,1420,0.505
PIK,2023-09-07,A,1420,0.639
PIK,2023-10-13,A,1420,0.352
PIK,2023-05-06,C,1508,0.352
PIK,2023-06-21,D,1508,0.433
PIK,2023-07-25,D,2080,0.082
PIK,2023-08-19,D,1508,0.298
PIK,2023-09-07,D,1508,0.326
PIK,2023-10-13,D,1508,0.399
PIK,2023-05-06,C,1755,0.278
PIK,2023-06-21,K,1755,0.338
PIK,2023-07-25,K,1222,0.168
PIK,2023-08-19,K,1755,0.247
PIK,2023-09-07,K,1755,0.519
PIK,2023-10-13,K,1755,0.452
PIK,2023-05-06,C,889,0.156
PIK,2023-06-21,H,889,0.535
PIK,2023-07-25,H,788,0.0955
PIK,2023-08-19,H,889,0.189
PIK,2023-09-07,H,889,0.293
PIK,2023-10-13,H,889,0.287
PIK,2023-05-06,C,1589,0.15
PIK,2023-06-21,A,1589,0.35
PIK,2023-07-25,A,2036,0.1055
PIK,2023-08-19,A,1589,0.502
PIK,2023-09-07,A,1589,0.703
PIK,2023-10-13,A,1589,0.455
PIK,2023-05-06,C,2006,0.408
PIK,2023-06-21,D,2006,0.375
PIK,2023-07-25,D,486,0.115
PIK,2023-08-19,D,2006,0.42
PIK,2023-09-07,D,2006,0.563
PIK,2023-10-13,D,2006,0.521
PIK,2023-05-06,D,159,0.459
PIK,2023-06-21,H,159,0.498
PIK,2023-07-25,H,953,0.228
PIK,2023-08-19,H,159,0.178
PIK,2023-09-07,H,159,0.287
PIK,2023-10-13,H,159,0.457
PIK,2023-05-06,D,2036,0.2
PIK,2023-06-21,K,2036,0.436
PIK,2023-07-25,K,591,0.19
PIK,2023-08-19,K,2036,0.187
PIK,2023-09-07,K,2036,0.552
PIK,2023-10-13,K,2036,0.384
PIK,2023-05-06,D,2080,0.31
PIK,2023-06-21,D,2080,0.457
PIK,2023-07-25,D,591,0.111
PIK,2023-08-19,D,2080,0.155
PIK,2023-09-07,D,2080,0.364
PIK,2023-10-13,D,2080,0.35
PIK,2023-05-06,D,486,0.24
PIK,2023-06-21,A,486,0.2815
PIK,2023-07-25,A,486,0.113
PIK,2023-08-19,A,486,0.3
PIK,2023-09-07,A,486,0.5
PIK,2023-10-13,A,486,0.532
PIK,2023-05-06,D,591,0.482
PIK,2023-06-21,D,591,0.278
PIK,2023-07-25,D,1069,0.115
PIK,2023-08-19,D,591,0.458
PIK,2023-09-07,D,591,0.454
PIK,2023-10-13,D,591,0.523
PIK,2023-05-06,D,1069,0.3
PIK,2023-06-21,M,1069,0.363
PIK,2023-07-25,M,159,0.187
PIK,2023-08-19,M,1069,0.255
PIK,2023-09-07,M,1069,0.589
PIK,2023-10-13,M,1069,0.445
PIK,2023-05-06,D,1222,0.315
PIK,2023-06-21,D,1222,0.358
PIK,2023-07-25,D,1222,0.098
PIK,2023-08-19,D,1222,0.368
PIK,2023-09-07,D,1222,0.362
PIK,2023-10-13,D,1222,0.401
PIK,2023-05-06,D,1755,0.368
PIK,2023-06-21,D,1755,0.368
PIK,2023-07-25,D,1755,0.085
PIK,2023-08-19,D,1755,0.23
PIK,2023-09-07,D,1755,0.378
PIK,2023-10-13,D,1755,0.534
PIK,2023-05-06,E,2218,0.308
PIK,2023-06-21,H,2218,0.499
PIK,2023-07-25,H,2106,0.2905
PIK,2023-08-19,H,2218,0.223
PIK,2023-09-07,H,2218,0.321
PIK,2023-10-13,H,2218,0.317
PIK,2023-05-06,E,788,0.448
PIK,2023-06-21,A,788,0.308
PIK,2023-07-25,A,953,0.1535
PIK,2023-08-19,A,788,0.359
PIK,2023-09-07,A,788,0.497
PIK,2023-10-13,A,788,0.343
PIK,2023-05-06,E,599,0.48
PIK,2023-06-21,M,599,0.278
PIK,2023-07-25,M,953,0.135
PIK,2023-08-19,M,599,0.186
PIK,2023-09-07,M,599,0.564
PIK,2023-10-13,M,599,0.461
PIK,2023-05-06,E,886,0.298
PIK,2023-06-21,H,886,0.298
PIK,2023-07-25,H,2054,0.194
PIK,2023-08-19,H,886,0.198
PIK,2023-09-07,H,886,0.301
PIK,2023-10-13,H,886,0.413
PIK,2023-05-06,F,318,0.27
PIK,2023-06-21,M,318,0.298
PIK,2023-07-25,M,377,0.203
PIK,2023-08-19,M,318,0.472
PIK,2023-09-07,M,318,0.466
PIK,2023-10-13,M,318,0.329
PIK,2023-05-06,F,1181,0.22
PIK,2023-06-21,B,1181,0.403
PIK,2023-07-25,B,377,0.142
PIK,2023-08-19,B,1181,0.47
PIK,2023-09-07,B,1181,0.493
PIK,2023-10-13,B,1181,0.279
PIK,2023-05-06,F,1181,0.135
PIK,2023-06-21,I,1181,0.351
PIK,2023-07-25,I,1412,0.175
PIK,2023-08-19,I,1181,0.351
PIK,2023-09-07,I,1181,0.437
PIK,2023-10-13,I,1181,0.542
PIK,2023-05-06,F,1181,0.31
PIK,2023-06-21,M,1181,0.392
PIK,2023-07-25,M,788,0.2155
PIK,2023-08-19,M,1181,0.229
PIK,2023-09-07,M,1181,0.689
PIK,2023-10-13,M,1181,0.233
PIK,2023-05-06,F,295,0.268
PIK,2023-06-21,H,295,0.333
PIK,2023-07-25,H,2080,0.161
PIK,2023-08-19,H,295,0.218
PIK,2023-09-07,H,295,0.29
PIK,2023-10-13,H,295,0.317
PIK,2023-05-06,G,1589,0.273
PIK,2023-06-21,H,1589,0.393
PIK,2023-07-25,H,1069,0.138
PIK,2023-08-19,H,1589,0.196
PIK,2023-09-07,H,1589,0.331
PIK,2023-10-13,H,1589,0.309
PIK,2023-05-06,G,2153,0.29
PIK,2023-06-21,L,2153,0.32
PIK,2023-07-25,L,599,0.1895
PIK,2023-08-19,L,2153,0.118
PIK,2023-09-07,L,2153,0.438
PIK,2023-10-13,L,2153,0.461
PIK,2023-05-06,G,1412,0.308
PIK,2023-06-21,E,1412,0.375
PIK,2023-07-25,E,2218,0.0875
PIK,2023-08-19,E,1412,0.177
PIK,2023-09-07,E,1412,0.552
PIK,2023-10-13,E,1412,0.34
PIK,2023-05-06,G,2147,0.234
PIK,2023-06-21,E,2147,0.383
PIK,2023-07-25,E,788,0.1435
PIK,2023-08-19,E,2147,0.153
PIK,2023-09-07,E,2147,0.347
PIK,2023-10-13,E,2147,0.371
PIK,2023-05-06,H,889,0.221
PIK,2023-06-21,N,889,0.448
PIK,2023-07-25,N,2080,0.1545
PIK,2023-08-19,N,889,0.161
PIK,2023-09-07,N,889,0.526
PIK,2023-10-13,N,889,0.458
PIK,2023-05-06,H,788,0.348
PIK,2023-06-21,L,788,0.238
PIK,2023-07-25,L,2218,0.1165
PIK,2023-08-19,L,788,0.137
PIK,2023-09-07,L,788,0.608
PIK,2023-10-13,L,788,0.283
PIK,2023-05-06,H,953,0.43
PIK,2023-06-21,B,953,0.382
PIK,2023-07-25,B,1199,0.1655
PIK,2023-08-19,B,953,0.39
PIK,2023-09-07,B,953,0.516
PIK,2023-10-13,B,953,0.275
PIK,2023-05-06,H,2106,0.317
PIK,2023-06-21,E,2106,0.328
PIK,2023-07-25,E,599,0.1455
PIK,2023-08-19,E,2106,0.15
PIK,2023-09-07,E,2106,0.455
PIK,2023-10-13,E,2106,0.425
PIK,2023-05-06,H,2054,0.223
PIK,2023-06-21,I,2054,0.318
PIK,2023-07-25,I,2089,0.145
PIK,2023-08-19,I,2054,0.372
PIK,2023-09-07,I,2054,0.314
PIK,2023-10-13,I,2054,0.405
PIK,2023-05-06,H,2080,0.268
PIK,2023-06-21,J,2080,0.187
PIK,2023-07-25,J,1420,0.129
PIK,2023-08-19,J,2080,0.119
PIK,2023-09-07,J,2080,0.46
PIK,2023-10-13,J,2080,0.356
PIK,2023-05-06,H,1069,0.252
PIK,2023-06-21,B,1069,0.341
PIK,2023-07-25,B,318,0.107
PIK,2023-08-19,B,1069,0.418
PIK,2023-09-07,B,1069,0.554
PIK,2023-10-13,B,1069,0.458
PIK,2023-05-06,I,1412,0.218
PIK,2023-06-21,I,1412,0.298
PIK,2023-07-25,I,2054,0.114
PIK,2023-08-19,I,1412,0.209
PIK,2023-09-07,I,1412,0.458
PIK,2023-10-13,I,1412,0.468
PIK,2023-05-06,I,2089,0.601
PIK,2023-06-21,B,2089,0.328
PIK,2023-07-25,B,1222,0.1045
PIK,2023-08-19,B,2089,0.282
PIK,2023-09-07,B,2089,0.739
PIK,2023-10-13,B,2089,0.332
PIK,2023-05-06,I,2054,0.339
PIK,2023-06-21,B,2054,0.358
PIK,2023-07-25,B,295,0.106
PIK,2023-08-19,B,2054,0.175
PIK,2023-09-07,B,2054,0.543
PIK,2023-10-13,B,2054,0.561
PIK,2023-05-06,I,2153,0.26
PIK,2023-06-21,B,2153,0.276
PIK,2023-07-25,B,159,0.138
PIK,2023-08-19,B,2153,0.259
PIK,2023-09-07,B,2153,0.462
PIK,2023-10-13,B,2153,0.453
PIK,2023-05-06,I,1721,0.167
PIK,2023-06-21,I,1721,0.398
PIK,2023-07-25,I,2153,0.1095
PIK,2023-08-19,I,1721,0.23
PIK,2023-09-07,I,1721,0.374
PIK,2023-10-13,I,1721,0.502
PIK,2023-05-06,I,1508,0.38
PIK,2023-06-21,I,1508,0.49
PIK,2023-07-25,I,1721,0.125
PIK,2023-08-19,I,1508,0.382
PIK,2023-09-07,I,1508,0.347
PIK,2023-10-13,I,1508,0.499
PIK,2023-05-06,I,886,0.285
PIK,2023-06-21,J,886,0.348
PIK,2023-07-25,J,2089,0.1725
PIK,2023-08-19,J,886,0.117
PIK,2023-09-07,J,886,0.388
PIK,2023-10-13,J,886,0.44
PIK,2023-05-06,I,599,0.21
PIK,2023-06-21,B,599,0.275
PIK,2023-07-25,B,2006,0.181
PIK,2023-08-19,B,599,0.539
PIK,2023-09-07,B,599,0.571
PIK,2023-10-13,B,599,0.336
PIK,2023-05-06,J,1420,0.359
PIK,2023-06-21,E,1420,0.458
PIK,2023-07-25,E,886,0.1725
PIK,2023-08-19,E,1420,0.207
PIK,2023-09-07,E,1420,0.175
PIK,2023-10-13,E,1420,0.385
PIK,2023-05-06,J,2089,0.48
PIK,2023-06-21,N,2089,0.418
PIK,2023-07-25,N,318,0.2425
PIK,2023-08-19,N,2089,0.251
PIK,2023-09-07,N,2089,0.646
PIK,2023-10-13,N,2089,0.481
PIK,2023-05-06,J,2106,0.63
PIK,2023-06-21,B,2106,0.551
PIK,2023-07-25,B,2218,0.103
PIK,2023-08-19,B,2106,0.501
PIK,2023-09-07,B,2106,0.639
PIK,2023-10-13,B,2106,0.528
PIK,2023-05-06,J,2054,0.29
PIK,2023-06-21,L,2054,0.381
PIK,2023-07-25,L,889,0.132
PIK,2023-08-19,L,2054,0.344
PIK,2023-09-07,L,2054,0.42
PIK,2023-10-13,L,2054,0.387
PIK,2023-05-06,J,486,0.373
PIK,2023-06-21,I,486,0.485
PIK,2023-07-25,I,1508,0.1035
PIK,2023-08-19,I,486,0.464
PIK,2023-09-07,I,486,0.437
PIK,2023-10-13,I,486,0.317
PIK,2023-05-06,J,1412,0.232
PIK,2023-06-21,J,1412,0.279
PIK,2023-07-25,J,2106,0.117
PIK,2023-08-19,J,1412,0.178
PIK,2023-09-07,J,1412,0.492
PIK,2023-10-13,J,1412,0.437
PIK,2023-05-06,J,1508,0.308
PIK,2023-06-21,N,1508,0.328
PIK,2023-07-25,N,2153,0.1435
PIK,2023-08-19,N,1508,0.168
PIK,2023-09-07,N,1508,0.825
PIK,2023-10-13,N,1508,0.391
PIK,2023-05-06,K,1721,0.36
PIK,2023-06-21,N,1721,0.388
PIK,2023-07-25,N,886,0.1615
PIK,2023-08-19,N,1721,0.275
PIK,2023-09-07,N,1721,0.517
PIK,2023-10-13,N,1721,0.353
PIK,2023-05-06,K,1755,0.232
PIK,2023-06-21,B,1755,0.275
PIK,2023-07-25,B,1199,0.119
PIK,2023-08-19,B,1755,0.433
PIK,2023-09-07,B,1755,0.533
PIK,2023-10-13,B,1755,0.419
PIK,2023-05-06,K,2089,0.358
PIK,2023-06-21,I,2089,0.383
PIK,2023-07-25,I,886,0.1765
PIK,2023-08-19,I,2089,0.213
PIK,2023-09-07,I,2089,0.361
PIK,2023-10-13,I,2089,0.419
PIK,2023-05-06,K,2036,0.24
PIK,2023-06-21,B,2036,0.394
PIK,2023-07-25,B,1069,0.201
PIK,2023-08-19,B,2036,0.349
PIK,2023-09-07,B,2036,0.574
PIK,2023-10-13,B,2036,0.451
PIK,2023-05-06,K,2147,0.268
PIK,2023-06-21,J,2147,0.389
PIK,2023-07-25,J,2054,0.1085
PIK,2023-08-19,J,2147,0.161
PIK,2023-09-07,J,2147,0.331
PIK,2023-10-13,J,2147,0.379
PIK,2023-05-06,K,295,0.323
PIK,2023-06-21,F,295,0.47
PIK,2023-07-25,F,318,0.12
PIK,2023-08-19,F,295,0.152
PIK,2023-09-07,F,295,0.333
PIK,2023-10-13,F,295,0.36
PIK,2023-05-06,K,1222,0.32
PIK,2023-06-21,N,1222,0.476
PIK,2023-07-25,N,2106,0.2745
PIK,2023-08-19,N,1222,0.218
PIK,2023-09-07,N,1222,0.719
PIK,2023-10-13,N,1222,0.428
PIK,2023-05-06,K,591,0.378
PIK,2023-06-21,L,591,0.303
PIK,2023-07-25,L,1199,0.122
PIK,2023-08-19,L,591,0.227
PIK,2023-09-07,L,591,0.356
PIK,2023-10-13,L,591,0.343
PIK,2023-05-06,L,599,0.189
PIK,2023-06-21,J,599,0.338
PIK,2023-07-25,J,486,0.164
PIK,2023-08-19,J,599,0.39
PIK,2023-09-07,J,599,0.458
PIK,2023-10-13,J,599,0.273
PIK,2023-05-06,L,2218,0.238
PIK,2023-06-21,J,2218,0.374
PIK,2023-07-25,J,1412,0.13
PIK,2023-08-19,J,2218,0.28
PIK,2023-09-07,J,2218,0.327
PIK,2023-10-13,J,2218,0.345
PIK,2023-05-06,L,889,0.272
PIK,2023-06-21,F,889,0.333
PIK,2023-07-25,F,1181,0.155
PIK,2023-08-19,F,889,0.191
PIK,2023-09-07,F,889,0.375
PIK,2023-10-13,F,889,0.395
PIK,2023-05-06,L,1199,0.598
PIK,2023-06-21,C,1199,0.545
PIK,2023-07-25,C,1420,0.105
PIK,2023-08-19,C,1199,0.35
PIK,2023-09-07,C,1199,0.514
PIK,2023-10-13,C,1199,0.336
PIK,2023-05-06,L,1420,0.219
PIK,2023-06-21,L,1420,0.288
PIK,2023-07-25,L,1420,0.098
PIK,2023-08-19,L,1420,0.307
PIK,2023-09-07,L,1420,0.435
PIK,2023-10-13,L,1420,0.319
PIK,2023-05-06,L,1589,0.473
PIK,2023-06-21,L,1589,0.408
PIK,2023-07-25,L,1589,0.215
PIK,2023-08-19,L,1589,0.172
PIK,2023-09-07,L,1589,0.507
PIK,2023-10-13,L,1589,0.436
PIK,2023-05-06,M,2006,0.58
PIK,2023-06-21,C,2006,0.388
PIK,2023-07-25,C,1508,0.138
PIK,2023-08-19,C,2006,0.529
PIK,2023-09-07,C,2006,0.439
PIK,2023-10-13,C,2006,0.431
PIK,2023-05-06,M,159,0.235
PIK,2023-06-21,C,159,0.497
PIK,2023-07-25,C,1755,0.181
PIK,2023-08-19,C,159,0.473
PIK,2023-09-07,C,159,0.502
PIK,2023-10-13,C,159,0.409
PIK,2023-05-06,M,953,0.39
PIK,2023-06-21,I,953,0.318
PIK,2023-07-25,I,599,0.169
PIK,2023-08-19,I,953,0.289
PIK,2023-09-07,I,953,0.312
PIK,2023-10-13,I,953,0.441
PIK,2023-05-06,M,377,0.287
PIK,2023-06-21,C,377,0.332
PIK,2023-07-25,C,889,0.16
PIK,2023-08-19,C,377,0.703
PIK,2023-09-07,C,377,0.372
PIK,2023-10-13,C,377,0.258
PIK,2023-05-06,M,788,0.338
PIK,2023-06-21,F,788,0.258
PIK,2023-07-25,F,1181,0.116
PIK,2023-08-19,F,788,0.308
PIK,2023-09-07,F,788,0.368
PIK,2023-10-13,F,788,0.258
PIK,2023-05-06,N,2080,0.353
PIK,2023-06-21,F,2080,0.302
PIK,2023-07-25,F,1181,0.115
PIK,2023-08-19,F,2080,0.39
PIK,2023-09-07,F,2080,0.336
PIK,2023-10-13,F,2080,0.32
PIK,2023-05-06,N,318,0.33
PIK,2023-06-21,C,318,0.36
PIK,2023-07-25,C,1589,0.188
PIK,2023-08-19,C,318,0.522
PIK,2023-09-07,C,318,0.572
PIK,2023-10-13,C,318,0.36
PIK,2023-05-06,N,2153,0.179
PIK,2023-06-21,F,2153,0.359
PIK,2023-07-25,F,295,0.0945
PIK,2023-08-19,F,2153,0.369
PIK,2023-09-07,F,2153,0.329
PIK,2023-10-13,F,2153,0.377
PIK,2023-05-06,N,886,0.33
PIK,2023-06-21,C,886,0.418
PIK,2023-07-25,C,2006,0.106
PIK,2023-08-19,C,886,0.33
PIK,2023-09-07,C,886,0.47
PIK,2023-10-13,C,886,0.365
PIK,2023-05-06,N,2106,0.398
PIK,2023-06-21,J,2106,0.446
PIK,2023-07-25,J,1508,0.108
PIK,2023-08-19,J,2106,0.237
PIK,2023-09-07,J,2106,0.369
PIK,2023-10-13,J,2106,0.39
